file,start,end,labeller
detop_exp01_subj10_Sess1_02_05.pkl,4.1812885920248,6.51172857221259,connor
detop_exp01_subj10_Sess2_12_06.pkl,3.64894430068607,5.1012633171259,connor
detop_exp01_subj10_Sess2_03_01.pkl,3.94428030979258,6.29955144199504,connor
detop_exp01_subj10_Sess2_11_03.pkl,1.05622617306446,7.54372723405203,connor
detop_exp01_subj10_Sess1_08_01.pkl,0.0441046514259445,2.63854583810447,connor
detop_exp01_subj10_Sess2_06_02.pkl,7.15275800026153,10.0049712820031,connor
detop_exp01_subj10_Sess2_11_01.pkl,0,6.78515625,connor
detop_exp01_subj10_Sess1_05_06.pkl,4.18070793746425,5.86709558120214,connor
detop_exp01_subj10_Sess3_13_03.pkl,4.10247387968458,7.32274598452032,connor
detop_exp01_subj10_Sess1_13_04.pkl,0.590094206974129,0,connor
detop_exp01_subj10_Sess3_09_01.pkl,4.53366814986735,7.24131445468469,connor
detop_exp01_subj10_Sess2_02_04.pkl,0,10.689453125,connor
detop_exp01_subj10_Sess3_08_02.pkl,2.42828042960632,3.90953241346473,connor
detop_exp01_subj10_Sess3_06_02.pkl,0,7.203125,connor
detop_exp01_subj10_Sess1_04_06.pkl,4.08074630703947,6.9872884078937,connor
detop_exp01_subj10_Sess2_05_02.pkl,0,10.365234375,connor
detop_exp01_subj10_Sess1_04_03.pkl,4.29986634041471,7.11894945288011,connor
detop_exp01_subj10_Sess3_04_05.pkl,3.06075255435338,3.89256151483339,connor
detop_exp01_subj10_Sess2_05_04.pkl,2.82623122020866,7.34778659961495,connor
detop_exp01_subj10_Sess1_06_01.pkl,0,11.197265625,connor
detop_exp01_subj10_Sess3_10_06.pkl,0,9.2265625,connor
detop_exp01_subj10_Sess2_09_04.pkl,1.67284324846096,7.57710641130177,connor
detop_exp01_subj10_Sess3_01_03.pkl,1.16337698827902,5.31809763776338,connor
detop_exp01_subj10_Sess1_09_04.pkl,4.78865827159896,11.9878991103122,connor
detop_exp01_subj10_Sess3_10_02.pkl,1.40164494197978,6.02755765330912,connor
detop_exp01_subj10_Sess1_01_05.pkl,4.84887485479559,19.5833618457934,connor
detop_exp01_subj10_Sess3_04_04.pkl,0,11.578125,connor
detop_exp01_subj10_Sess3_04_01.pkl,2.81778387954223,5.629738272861,connor
detop_exp01_subj10_Sess3_10_03.pkl,1.65259133433541,8.43999522252155,connor
detop_exp01_subj10_Sess2_09_02.pkl,2.10644159835368,8.52572867956407,connor
detop_exp01_subj10_Sess2_01_03.pkl,3.96322903285136,6.24603614486486,connor
detop_exp01_subj10_Sess1_01_03.pkl,3.32861216709848,4.918221480171,connor
detop_exp01_subj10_Sess1_09_02.pkl,3.99123867649595,6.75215455562691,connor
detop_exp01_subj10_Sess3_13_02.pkl,3.49347264964041,6.53043197818894,connor
detop_exp01_subj10_Sess3_10_04.pkl,2.90920604751737,6.06319277980413,connor
detop_exp01_subj10_Sess1_06_03.pkl,4.09861799005086,5.99902605367879,connor
detop_exp01_subj10_Sess3_06_03.pkl,0,11.130859375,connor
detop_exp01_subj10_Sess2_05_05.pkl,2.39476506141169,6.71150811199144,connor
detop_exp01_subj10_Sess1_11_02.pkl,1.21066249531377,9.88366302858721,connor
detop_exp01_subj10_Sess2_11_04.pkl,3.39448644808144,6.14399731329126,connor
detop_exp01_subj10_Sess1_03_04.pkl,2.46585642519901,4.87690406054711,connor
detop_exp01_subj10_Sess3_02_02.pkl,2.40166862580864,5.04546943273879,connor
detop_exp01_subj10_Sess3_11_06.pkl,7.05283970058268,9.07845613952653,connor
detop_exp01_subj10_Sess1_08_06.pkl,0,11.88671875,connor
detop_exp01_subj10_Sess1_02_06.pkl,0,9.19921875,connor
detop_exp01_subj10_Sess2_12_02.pkl,3.31063737809453,5.14601068057142,connor
detop_exp01_subj10_Sess1_11_01.pkl,3.68274033334534,7.5682338058522,connor
detop_exp01_subj10_Sess3_08_05.pkl,1.26666180099869,4.84555362585912,connor
detop_exp01_subj10_Sess3_03_01.pkl,5.96555382059308,8.59403411841829,connor
detop_exp01_subj10_Sess2_06_04.pkl,3.51936528466718,9.99588780021411,connor
detop_exp01_subj10_Sess3_05_03.pkl,5.60373393281578,11.8800834237536,connor
detop_exp01_subj10_Sess2_12_01.pkl,3.51744028801408,5.02709253299344,connor
detop_exp01_subj10_Sess2_09_01.pkl,2.35809058819624,5.73409661353766,connor
detop_exp01_subj10_Sess1_06_04.pkl,4.11254404983637,5.78991087923407,connor
detop_exp01_subj10_Sess2_11_02.pkl,3.93700752983883,9.55608943868984,connor
detop_exp01_subj10_Sess1_11_03.pkl,5.1780519024267,9.33223090725624,connor
detop_exp01_subj10_Sess2_10_03.pkl,3.01564953737435,5.83636658812713,connor
detop_exp01_subj10_Sess2_03_06.pkl,8.31483061077967,12.6446791070294,connor
detop_exp01_subj10_Sess3_03_02.pkl,3.92868375101019,7.52078729234064,connor
detop_exp01_subj10_Sess1_08_02.pkl,0,11.841796875,connor
detop_exp01_subj10_Sess1_13_01.pkl,2.49565486795112,5.63130226819284,connor
detop_exp01_subj10_Sess2_01_02.pkl,4.20992063206448,6.58191902566594,connor
detop_exp01_subj10_Sess3_02_06.pkl,3.52424676188946,8.11847326091155,connor
detop_exp01_subj10_Sess1_09_06.pkl,3.20662472819292,12.5017872643594,connor
detop_exp01_subj10_Sess3_01_06.pkl,0,0.481369516310462,connor
detop_exp01_subj10_Sess1_13_05.pkl,5.54887791703967,11.0252378446248,connor
detop_exp01_subj10_Sess2_12_04.pkl,3.63710176761655,7.18429243893063,connor
detop_exp01_subj10_Sess1_05_01.pkl,5.8271889021247,9.18013139330198,connor
detop_exp01_subj10_Sess2_11_06.pkl,3.69474199370321,5.9190175436247,connor
detop_exp01_subj10_Sess3_06_01.pkl,0,11.185546875,connor
detop_exp01_subj10_Sess1_02_04.pkl,0,9.169921875,connor
detop_exp01_subj10_Sess1_03_06.pkl,3.92628028952103,5.29764559455172,connor
detop_exp01_subj10_Sess1_10_02.pkl,0,6.552734375,connor
detop_exp01_subj10_Sess2_05_01.pkl,5.18389356212875,10.4172053426261,connor
detop_exp01_subj10_Sess2_06_01.pkl,0.0247003122259188,9.81807757591936,connor
detop_exp01_subj10_Sess3_11_02.pkl,0,21.31640625,connor
detop_exp01_subj10_Sess2_10_04.pkl,1.96083987933849,5.37744362610349,connor
detop_exp01_subj10_Sess3_10_05.pkl,0,7.236328125,connor
detop_exp01_subj10_Sess3_04_06.pkl,3.18830022313247,7.22428182295471,connor
detop_exp01_subj10_Sess2_01_01.pkl,3.8865220171345,10.4536448423813,connor
detop_exp01_subj10_Sess1_10_01.pkl,0,10.67578125,connor
detop_exp01_subj10_Sess1_01_04.pkl,0,21.306640625,connor
detop_exp01_subj10_Sess1_09_05.pkl,3.64480513626818,6.93010369057228,connor
detop_exp01_subj10_Sess3_04_03.pkl,0.839208379316437,8.38563235952878,connor
detop_exp01_subj10_Sess3_11_01.pkl,0,21.32421875,connor
detop_exp01_subj10_Sess3_05_06.pkl,0,6.810546875,connor
detop_exp01_subj10_Sess1_01_02.pkl,0,9.95703125,connor
detop_exp01_subj10_Sess1_03_03.pkl,1.78628180870874,8.47079125603642,connor
detop_exp01_subj10_Sess1_08_03.pkl,1.23707891343336,5.71619691898229,connor
detop_exp01_subj10_Sess2_01_06.pkl,2.24037452516144,10.2244185924286,connor
detop_exp01_subj10_Sess3_01_01.pkl,1.2136901581722,9.82595231163561,connor
detop_exp01_subj10_Sess1_04_04.pkl,1.80258143435368,5.93832097115158,connor
detop_exp01_subj10_Sess3_10_01.pkl,1.47275362980063,6.26424822033424,connor
detop_exp01_subj10_Sess3_09_05.pkl,4.73768335717259,6.96342314852668,connor
detop_exp01_subj10_Sess1_02_02.pkl,3.74891815752078,7.16001402922802,connor
detop_exp01_subj10_Sess3_06_06.pkl,5.01997200672365,7.19229953987806,connor
detop_exp01_subj10_Sess3_13_06.pkl,4.51196228620563,10.4175617499349,connor
detop_exp01_subj10_Sess2_10_05.pkl,2.9567119580045,6.41836294698924,connor
detop_exp01_subj10_Sess3_02_01.pkl,-0.0124755440777172,0.480947694038247,connor
detop_exp01_subj10_Sess1_05_05.pkl,3.96840806835233,6.62504626918596,connor
detop_exp01_subj10_Sess2_05_06.pkl,0,7.4609375,connor
detop_exp01_subj10_Sess3_08_01.pkl,2.17662810492103,7.79529505438702,connor
detop_exp01_subj10_Sess3_05_02.pkl,0,6.85546875,connor
detop_exp01_subj10_Sess3_06_04.pkl,0,7.2109375,connor
detop_exp01_subj10_Sess2_10_02.pkl,2.51919021805567,7.92667550753849,connor
detop_exp01_subj10_Sess1_10_05.pkl,1.36094077577117,8.49197317582905,connor
detop_exp01_subj10_Sess1_04_01.pkl,3.24561745704441,5.35291022904778,connor
detop_exp01_subj10_Sess3_03_05.pkl,2.56230988300953,8.91915752598657,connor
detop_exp01_subj10_Sess3_08_03.pkl,1.32068620996273,4.39356031938334,connor
detop_exp01_subj10_Sess2_01_04.pkl,3.63112519711003,5.6356904196364,connor
detop_exp01_subj10_Sess2_02_06.pkl,2.10860594991655,5.89972442140234,connor
detop_exp01_subj10_Sess2_07_06.pkl,2.48996690155249,5.30124844436838,connor
detop_exp01_subj10_Sess1_06_06.pkl,2.03645887574576,5.97552114314284,connor
detop_exp01_subj10_Sess2_02_01.pkl,3.33623188834754,9.29343789721367,connor
detop_exp01_subj10_Sess2_09_06.pkl,3.95443160280298,6.05801459376895,connor
detop_exp01_subj10_Sess3_11_03.pkl,2.24257533839088,18.1706061098245,connor
detop_exp01_subj10_Sess3_05_01.pkl,0,11.888671875,connor
detop_exp01_subj10_Sess3_09_02.pkl,4.1967175664502,7.02840890785368,connor
detop_exp01_subj10_Sess1_11_06.pkl,4.25267428633088,5.78677343291516,connor
detop_exp01_subj10_Sess1_04_05.pkl,3.89121464724538,5.14601068057142,connor
detop_exp01_subj10_Sess1_06_02.pkl,0,11.177734375,connor
detop_exp01_subj10_Sess3_01_04.pkl,2.6584711887076,5.45012792518926,connor
detop_exp01_subj10_Sess1_05_02.pkl,4.71643314340196,8.3367700855252,connor
detop_exp01_subj10_Sess1_10_06.pkl,2.1691165496767,6.48966635092515,connor
detop_exp01_subj10_Sess3_13_01.pkl,4.2625714153156,6.62842592521974,connor
detop_exp01_subj10_Sess1_09_03.pkl,3.80040862024926,7.06036930674086,connor
detop_exp01_subj10_Sess2_02_02.pkl,2.27455111772536,9.77773135892865,connor
detop_exp01_subj10_Sess1_02_01.pkl,4.33272622977314,6.94923008549275,connor
detop_exp01_subj10_Sess2_08_03.pkl,3.73373641738547,8.96333287572366,connor
detop_exp01_subj10_Sess3_03_03.pkl,1.55138769186123,9.3510707213371,connor
detop_exp01_subj10_Sess3_02_03.pkl,3.60404739583743,5.90138540710102,connor
detop_exp01_subj10_Sess1_13_02.pkl,2.31909104806865,4.85015011316956,connor
detop_exp01_subj10_Sess3_13_05.pkl,3.86634716786921,7.75777310389088,connor
detop_exp01_subj10_Sess3_09_03.pkl,4.16390147387908,10.9628371291473,connor
detop_exp01_subj10_Sess3_08_06.pkl,0,9.974609375,connor
detop_exp01_subj10_Sess2_06_03.pkl,1.33451414378986,19.0472273429391,connor
detop_exp01_subj10_Sess2_03_02.pkl,3.07315098656806,6.5459174658605,connor
detop_exp01_subj10_Sess2_05_03.pkl,1.91788304131007,6.56728001626506,connor
detop_exp01_subj10_Sess2_07_03.pkl,3.20695546209203,8.69822100728822,connor
detop_exp01_subj10_Sess2_07_04.pkl,2.28066425252077,4.81559032798981,connor
detop_exp01_subj10_Sess3_11_04.pkl,1.56641670003522,8.62428205007724,connor
detop_exp01_subj10_Sess1_05_04.pkl,4.05995241332913,7.05682865214018,connor
detop_exp01_subj10_Sess2_10_01.pkl,3.77480529220188,8.63523208401947,connor
detop_exp01_subj10_Sess1_11_05.pkl,0,10.3671875,connor
detop_exp01_subj10_Sess2_07_05.pkl,3.3648796221491,5.03446948711666,connor
detop_exp01_subj10_Sess3_09_06.pkl,1.66940821428701,6.32637475739949,connor
detop_exp01_subj10_Sess1_01_01.pkl,2.54175569474434,8.98719112750379,connor
detop_exp01_subj10_Sess2_10_06.pkl,3.90450539978951,10.1608307395894,connor
detop_exp01_subj10_Sess1_10_04.pkl,1.71402781798645,9.47562533212959,connor
detop_exp01_subj10_Sess2_11_05.pkl,4.2580329270401,10.383663905331,connor
detop_exp01_subj10_Sess2_09_05.pkl,3.65368411807307,7.01130608660074,connor
detop_exp01_subj10_Sess3_03_04.pkl,3.18284198673921,6.86333423753571,connor
detop_exp01_subj10_Sess2_07_01.pkl,1.58623146056093,6.1977372552402,connor
detop_exp01_subj10_Sess3_02_04.pkl,3.78623931173186,7.29506810426401,connor
detop_exp01_subj10_Sess3_05_05.pkl,3.80593344216272,6.68606240073167,connor
detop_exp01_subj10_Sess2_02_03.pkl,2.18009110492021,6.52309214637516,connor
detop_exp01_subj10_Sess3_13_04.pkl,4.32762383985415,8.97962068936257,connor
detop_exp01_subj10_Sess2_09_03.pkl,1.55263912543563,6.11678148898758,connor
detop_exp01_subj10_Sess2_12_05.pkl,4.16415648422277,7.42742700149695,connor
detop_exp01_subj10_Sess1_02_03.pkl,0,9.248046875,connor
detop_exp01_subj10_Sess3_09_04.pkl,4.30183961487898,12.1849561067129,connor
detop_exp01_subj10_Sess3_03_06.pkl,1.35460255915383,6.44076153887522,connor
detop_exp01_subj10_Sess3_08_04.pkl,0.959428948219719,4.64256411621212,connor
detop_exp01_subj10_Sess2_06_05.pkl,4.27178489906355,17.8788655540124,connor
detop_exp01_subj10_Sess2_03_04.pkl,1.89394735739538,10.8709151306992,connor
detop_exp01_subj10_Sess3_01_05.pkl,1.76264568195348,5.45895486699801,connor
detop_exp01_subj10_Sess1_13_06.pkl,3.70445823976803,6.75766205947974,connor
detop_exp01_subj10_Sess1_03_02.pkl,1.44028495057961,9.2155825396038,connor
detop_exp01_subj10_Sess2_01_05.pkl,3.52148188265989,9.78975716756303,connor
detop_exp01_subj10_Sess1_06_05.pkl,2.0181945230742,9.25668866853713,connor
detop_exp01_subj10_Sess2_03_03.pkl,1.99804786161408,5.91690235048876,connor
detop_exp01_subj10_Sess3_01_02.pkl,0.904473552438868,8.63398520086577,connor
detop_exp01_subj10_Sess1_03_05.pkl,1.31523803207102,4.5654031036752,connor
detop_exp01_subj10_Sess2_08_01.pkl,1.01216519713814,6.03051677689358,connor
detop_exp01_subj10_Sess2_08_04.pkl,3.22415485932351,5.71671905871957,connor
detop_exp01_subj10_Sess2_02_05.pkl,2.25729103541647,5.88504130585248,connor
detop_exp01_subj10_Sess1_10_03.pkl,1.87198639573564,5.81191100021105,connor
detop_exp01_subj10_Sess1_04_02.pkl,1.86855835471983,5.37075026862982,connor
detop_exp01_subj10_Sess3_06_05.pkl,2.47408598760245,8.59029705885293,connor
detop_exp01_subj10_Sess1_11_04.pkl,2.82272689841251,7.10080330851197,connor
detop_exp01_subj10_Sess2_12_03.pkl,2.25006029994741,7.99590229611234,connor
detop_exp01_subj10_Sess1_09_01.pkl,0.528607788875086,11.8648743972814,connor
detop_exp01_subj10_Sess3_02_05.pkl,2.68359051280356,5.8536455087909,connor
detop_exp01_subj10_Sess1_13_03.pkl,0.928072275686416,6.57662741133041,connor
detop_exp01_subj10_Sess2_06_06.pkl,2.52926576966772,9.37821103856307,connor
detop_exp01_subj10_Sess1_01_06.pkl,1.59921402527416,18.9172822968853,connor
detop_exp01_subj10_Sess3_05_04.pkl,2.12644253389141,10.0822268800373,connor
detop_exp01_subj10_Sess2_07_02.pkl,2.11888243949215,8.04220754353589,connor
detop_exp01_subj10_Sess1_03_01.pkl,1.96838059602934,8.31944525312002,connor
detop_exp01_subj10_Sess3_11_05.pkl,2.05446430373087,8.69247465315999,connor
detop_exp01_subj10_Sess3_04_02.pkl,2.45179965955613,10.1703163370742,connor
detop_exp01_subj10_Sess2_03_05.pkl,1.10781827767039,11.482724465199,connor
detop_exp01_subj10_Sess2_08_06.pkl,0,11.205078125,connor
detop_exp01_subj10_Sess2_08_02.pkl,3.79758220243854,6.51108893618743,connor
detop_exp01_subj09_Sess3_12_04.pkl,1.91131546906895,4.84797148892293,connor
detop_exp01_subj09_Sess1_10_02.pkl,4.86942089490335,5.63483682675392,connor
detop_exp01_subj09_Sess2_10_04.pkl,4.70371445885388,8.9659882822528,connor
detop_exp01_subj09_Sess1_13_04.pkl,0.580919572553431,0.597581552305962,connor
detop_exp01_subj09_Sess2_12_05.pkl,5.06244581824106,19.0472273429391,connor
detop_exp01_subj09_Sess1_13_03.pkl,3.5478676571145,8.92901310372762,connor
detop_exp01_subj09_Sess3_11_06.pkl,3.66136018082611,7.90815642743493,connor
detop_exp01_subj09_Sess2_12_06.pkl,3.49283252104448,8.44052821241792,connor
detop_exp01_subj09_Sess3_08_04.pkl,4.36407562003892,7.06411643301918,connor
detop_exp01_subj09_Sess1_07_03.pkl,3.42815020178507,5.2794140562709,connor
detop_exp01_subj09_Sess2_08_04.pkl,3.04399375302598,4.04819186082742,connor
detop_exp01_subj09_Sess2_08_06.pkl,3.22744387106945,4.70869585492787,connor
detop_exp01_subj09_Sess2_04_04.pkl,3.56154614598209,5.39309884498582,connor
detop_exp01_subj09_Sess3_05_02.pkl,4.68463126422563,5.84326320683313,connor
detop_exp01_subj09_Sess3_02_01.pkl,5.01078644146512,8.81580481695732,connor
detop_exp01_subj09_Sess2_10_02.pkl,4.41449122953959,5.55305599959008,connor
detop_exp01_subj09_Sess3_13_05.pkl,4.30392383459445,5.65218266176714,connor
detop_exp01_subj09_Sess2_08_02.pkl,4.42722097325407,6.4296743357388,connor
detop_exp01_subj09_Sess2_08_03.pkl,3.37980357750476,4.04952502870836,connor
detop_exp01_subj09_Sess2_10_05.pkl,4.99757512921693,5.73060320421379,connor
detop_exp01_subj09_Sess1_03_02.pkl,0,0.214356017997752,connor
detop_exp01_subj09_Sess3_02_06.pkl,4.45113601876473,5.35742527512448,connor
detop_exp01_subj09_Sess3_08_05.pkl,4.82017940209841,7.96853259460114,connor
detop_exp01_subj09_Sess3_03_03.pkl,3.95264027192764,7.27988600870802,connor
detop_exp01_subj09_Sess3_05_06.pkl,4.56503865238772,6.08624697282271,connor
detop_exp01_subj09_Sess2_07_03.pkl,4.41388915297238,5.37165820130808,connor
detop_exp01_subj09_Sess2_13_01.pkl,4.06827653915928,6.27152551086552,connor
detop_exp01_subj09_Sess2_04_06.pkl,3.4812466504854,4.68233674615697,connor
detop_exp01_subj09_Sess1_10_05.pkl,4.58142262048782,6.92190934711837,connor
detop_exp01_subj09_Sess2_04_05.pkl,4.52844450261854,8.06727209935764,connor
detop_exp01_subj09_Sess3_13_03.pkl,6.5291058284994,7.6796151792052,connor
detop_exp01_subj09_Sess2_01_06.pkl,0,0.472616704161982,connor
detop_exp01_subj09_Sess3_13_04.pkl,4.14173279282592,5.5211500404555,connor
detop_exp01_subj09_Sess3_12_01.pkl,3.01711588359328,5.00813514126746,connor
detop_exp01_subj09_Sess2_07_01.pkl,4.64364698824906,7.27993611195469,connor
detop_exp01_subj09_Sess1_10_03.pkl,3.42245388269192,5.05368186887756,connor
detop_exp01_subj09_Sess2_05_03.pkl,3.98130685477219,5.05450508900456,connor
detop_exp01_subj09_Sess1_10_06.pkl,4.78204065848739,5.97792028562004,connor
detop_exp01_subj09_Sess3_11_02.pkl,2.62713212562226,6.09691332555116,connor
detop_exp01_subj09_Sess1_06_02.pkl,3.97942557700725,5.68790514558996,connor
detop_exp01_subj09_Sess2_04_02.pkl,3.21476567624606,4.75637832011258,connor
detop_exp01_subj09_Sess2_10_03.pkl,4.76773535926703,8.17596162252806,connor
detop_exp01_subj09_Sess2_13_05.pkl,1.21249129468774,10.1042106903506,connor
detop_exp01_subj09_Sess1_07_05.pkl,4.49741681094332,7.31226581372209,connor
detop_exp01_subj09_Sess3_06_01.pkl,4.86980928601911,7.9365708454668,connor
detop_exp01_subj09_Sess2_08_01.pkl,3.93334719964019,6.64610458942259,connor
detop_exp01_subj09_Sess2_13_06.pkl,3.34947963154479,6.6560921108083,connor
detop_exp01_subj09_Sess3_12_02.pkl,3.69195143865791,6.78033524691311,connor
detop_exp01_subj08_Sess1_01_06.pkl,0.905915935665737,6.88111258169864,connor
detop_exp01_subj08_Sess3_08_03.pkl,5.21566354937386,9.47793737277278,connor
detop_exp01_subj08_Sess1_13_03.pkl,4.15430382145438,8.80571934791803,connor
detop_exp01_subj08_Sess3_06_06.pkl,3.29995252616775,7.95573742505883,connor
detop_exp01_subj08_Sess3_07_03.pkl,3.18996743516828,5.37869253297527,connor
detop_exp01_subj08_Sess2_06_06.pkl,4.07592277869642,9.76554663111601,connor
detop_exp01_subj08_Sess3_12_05.pkl,2.3568288848748,4.82020730317066,connor
detop_exp01_subj08_Sess2_07_06.pkl,4.1120125957929,5.68006071134619,connor
detop_exp01_subj08_Sess3_03_02.pkl,3.63036703074876,5.72842704050353,connor
detop_exp01_subj08_Sess3_06_02.pkl,3.67560881359295,14.257973248585,connor
detop_exp01_subj08_Sess2_01_01.pkl,3.62333013611997,5.25847708069051,connor
detop_exp01_subj08_Sess2_01_03.pkl,3.70477423680739,5.1206486026041,connor
detop_exp01_subj08_Sess3_04_02.pkl,3.80202302502002,6.09653160097037,connor
detop_exp01_subj08_Sess3_08_05.pkl,3.68023370643414,10.5826539669437,connor
detop_exp01_subj08_Sess1_02_01.pkl,3.79913755094537,6.35892802515981,connor
detop_exp01_subj08_Sess3_12_06.pkl,4.14612552810721,6.55324820218846,connor
detop_exp01_subj08_Sess2_12_01.pkl,4.07662663924138,6.82759187958409,connor
detop_exp01_subj08_Sess3_09_02.pkl,4.67831462631168,9.70180836708683,connor
detop_exp01_subj08_Sess3_12_02.pkl,2.60204601760137,4.72418484015655,connor
detop_exp01_subj08_Sess1_04_04.pkl,2.75965597128727,6.16754907460077,connor
detop_exp01_subj08_Sess1_10_01.pkl,3.51695098441285,6.24221980460957,connor
detop_exp01_subj08_Sess3_06_05.pkl,2.95033533551181,9.0151733976979,connor
detop_exp01_subj08_Sess3_01_06.pkl,3.26648256241778,9.70873967136212,connor
detop_exp01_subj08_Sess2_10_05.pkl,3.66655769381759,5.92460707368013,connor
detop_exp01_subj08_Sess2_13_03.pkl,4.37174528196225,19.6157217980462,connor
detop_exp01_subj08_Sess3_03_01.pkl,4.40657086550599,7.61389960248405,connor
detop_exp01_subj08_Sess2_11_06.pkl,0,5,connor
detop_exp01_subj08_Sess3_02_02.pkl,2.59080515932661,7.00436476771549,connor
detop_exp01_subj08_Sess3_04_04.pkl,5.33671758231383,0.472616704161982,connor
detop_exp01_subj08_Sess3_03_04.pkl,3.30941734087126,5.55606517001376,connor
detop_exp01_subj08_Sess1_03_03.pkl,0,0.472616704161982,connor
detop_exp01_subj08_Sess1_01_01.pkl,3.26417139717104,9.30681748010578,connor
detop_exp01_subj08_Sess3_05_02.pkl,2.89464171522123,5.61968625191699,connor
detop_exp01_subj08_Sess2_13_04.pkl,4.81652974264374,18.4431082198859,connor
detop_exp01_subj08_Sess3_02_01.pkl,0.551081296983103,9.0961033887894,connor
detop_exp01_subj08_Sess3_07_05.pkl,2.79520869192465,5.66323396048407,connor
detop_exp01_subj08_Sess2_13_06.pkl,3.27411127636456,8.75145079512304,connor
detop_exp01_subj08_Sess2_12_02.pkl,2.85870090183135,8.1973320915223,connor
detop_exp01_subj08_Sess2_05_05.pkl,0,5,connor
detop_exp01_subj08_Sess2_12_03.pkl,2.21929388725119,4.63744844007031,connor
detop_exp01_subj08_Sess1_06_05.pkl,0,0.805856299212599,connor
detop_exp01_subj08_Sess2_12_06.pkl,2.73750615977143,4.95562829394679,connor
detop_exp01_subj08_Sess1_09_06.pkl,0.365157480314962,5,connor
detop_exp01_subj08_Sess3_10_04.pkl,4.83671011822333,10.9347527416668,connor
detop_exp01_subj08_Sess3_13_05.pkl,4.64257537058204,7.47253085663667,connor
detop_exp01_subj08_Sess3_13_06.pkl,4.2432589138348,6.40536931105146,connor
detop_exp01_subj08_Sess3_05_03.pkl,3.29431491393661,5.71657672433284,connor
detop_exp01_subj08_Sess1_09_05.pkl,0,0.62257452193476,connor
detop_exp01_subj08_Sess2_07_01.pkl,1.36164989087533,7.97240608174838,connor
detop_exp01_subj08_Sess3_10_01.pkl,3.14670778232601,7,connor
detop_exp01_subj08_Sess3_11_05.pkl,3.53753224824515,7,connor
detop_exp01_subj08_Sess2_03_05.pkl,3.88393029923654,5.46968576210517,connor
detop_exp01_subj08_Sess1_12_06.pkl,0,5,connor
detop_exp01_subj08_Sess3_09_01.pkl,3.8076903066953,8.36113691991502,connor
detop_exp01_subj08_Sess3_12_04.pkl,3.84867234399026,7.97701517584075,connor
detop_exp01_subj08_Sess1_09_01.pkl,0,0.455954724409449,connor
detop_exp01_subj08_Sess2_12_04.pkl,2.96018369991459,7.83351727853305,connor
detop_exp01_subj08_Sess3_01_04.pkl,1.26905361211476,10.8172029899369,connor
detop_exp01_subj08_Sess3_10_02.pkl,0,5,connor
detop_exp01_subj08_Sess3_05_01.pkl,4.19480186105446,8.32664875979595,connor
detop_exp01_subj08_Sess3_08_04.pkl,2.63406556964602,6.24654104523184,connor
detop_exp01_subj08_Sess3_09_04.pkl,3.88963473064256,5.6231219095826,connor
detop_exp01_subj08_Sess3_01_01.pkl,3.24164227614657,6.64023114333698,connor
detop_exp01_subj08_Sess3_08_06.pkl,3.76205614158465,6.59374748298814,connor
detop_exp01_subj08_Sess3_11_04.pkl,3.36494609425442,7.67959994402271,connor
detop_exp01_subj08_Sess3_03_03.pkl,4.26671641476567,7.63254686258275,connor
detop_exp01_subj08_Sess3_02_04.pkl,0.703596058222553,9.08731332420507,connor
detop_exp01_subj08_Sess2_08_02.pkl,3.37180265297276,5.47909542497613,connor
detop_exp01_subj08_Sess3_12_03.pkl,2.71869438036093,4.8838872014448,connor
detop_exp01_subj08_Sess2_13_05.pkl,3.23985181728357,8.88199856109377,connor
detop_exp01_subj08_Sess3_03_06.pkl,3.26622907925973,5.51533924439699,connor
detop_exp01_subj08_Sess3_13_01.pkl,4.4917237889767,6.11273279218399,connor
detop_exp01_subj08_Sess1_01_02.pkl,1.57425622782097,6.55361493355082,connor
detop_exp01_subj08_Sess2_13_01.pkl,3.68435111545449,19.878548979358,connor
detop_exp01_subj08_Sess3_01_05.pkl,2.38772026644642,5.66282008925299,connor
detop_exp01_subj08_Sess3_07_02.pkl,3.80171761187471,6.02481567341614,connor
detop_exp01_subj08_Sess1_02_02.pkl,3.03383936793281,5.4023052963941,connor
detop_exp01_subj08_Sess3_07_01.pkl,2.11860721149089,9.90959829880129,connor
detop_exp01_subj08_Sess1_05_05.pkl,3.54815096625465,4.81993192314285,connor
detop_exp01_subj08_Sess2_12_05.pkl,2.97293322092195,4.40837328775382,connor
detop_exp01_subj08_Sess1_01_05.pkl,1.49061016255461,8.83017921792113,connor
detop_exp01_subj08_Sess1_09_02.pkl,4.57951265711815,8.91939840074473,connor
detop_exp01_subj08_Sess3_03_05.pkl,4.93801777831922,8.76070609855469,connor
detop_exp01_subj08_Sess3_02_05.pkl,2.77593727941193,8.93859146082984,connor
detop_exp01_subj08_Sess3_02_03.pkl,1.53215286343725,6.18771196161545,connor
detop_exp01_subj08_Sess1_13_06.pkl,3.13111906095339,5.65933760849747,connor
detop_exp01_subj08_Sess2_01_04.pkl,4.04823186157426,6.66815735999826,connor
detop_exp01_subj08_Sess1_13_02.pkl,2.9851335579461,4.75186829218877,connor
detop_exp01_subj08_Sess2_04_03.pkl,3.72731910588736,5.24107808071795,connor
detop_exp01_subj08_Sess3_12_01.pkl,3.12877556774079,8.10652358810505,connor
detop_exp01_subj08_Sess1_10_05.pkl,4.30538292266659,6.0504207019062,connor
detop_exp01_subj08_Sess1_04_01.pkl,2.20638504230865,6.63531133581739,connor
detop_exp01_subj08_Sess3_02_06.pkl,1.10904649192336,6.52734931596963,connor
detop_exp01_subj08_Sess3_10_05.pkl,4.4658693678655,8.09321236585006,connor
detop_exp01_subj08_Sess1_11_04.pkl,3.02349991409125,4.85769849874899,connor
detop_exp01_subj08_Sess1_11_03.pkl,0.213937933783884,4.73706329769692,connor
detop_exp01_subj08_Sess2_13_02.pkl,3.43862971652371,8.04528693846249,connor
detop_exp01_subj08_Sess1_04_06.pkl,0,5,connor
detop_exp01_subj08_Sess3_11_01.pkl,4.36688400377448,18.1602814156602,connor
detop_exp01_subj08_Sess2_02_04.pkl,3.03612386772933,4.87547285912373,connor
detop_exp01_subj08_Sess1_02_06.pkl,3.66496981782612,10.5805329265777,connor
detop_exp01_subj08_Sess3_01_03.pkl,2.6639219833685,6.8294796817907,connor
detop_exp01_subj08_Sess1_02_03.pkl,3.81664299714567,9.50088404554216,connor
detop_exp01_subj08_Sess3_09_05.pkl,3.38515944283168,6.40504311194875,connor
detop_exp01_subj08_Sess3_08_02.pkl,4.27611226702487,6.52390087461558,connor
detop_exp01_subj08_Sess3_13_02.pkl,4.93616818746699,7.61915956773226,connor
detop_exp01_subj08_Sess3_11_06.pkl,3.29227823994253,9.11479006668248,connor
detop_exp01_subj08_Sess1_10_06.pkl,6.28127443804793,9.89726644804877,connor
detop_exp01_subj08_Sess3_05_05.pkl,4.49271494224561,7.86818163173296,connor
detop_exp01_subj08_Sess2_01_05.pkl,3.2169958830702,5.14601068057142,connor
detop_exp01_subj08_Sess2_01_02.pkl,4.52934444479189,6.33308279033808,connor
detop_exp01_subj08_Sess2_06_05.pkl,4.18094027540318,5.92530520413991,connor
detop_exp01_subj08_Sess3_07_06.pkl,4.67735661300673,7.69436236199491,connor
detop_exp01_subj08_Sess2_08_05.pkl,4.17625783879165,0.297665916760406,connor
detop_exp01_subj08_Sess3_11_03.pkl,5.67957921866843,19.5941484965443,connor
detop_exp01_subj08_Sess2_02_06.pkl,6.3065255252416,8.4795526250218,connor
detop_exp01_subj08_Sess1_08_03.pkl,0,5,connor
detop_exp01_subj08_Sess3_07_04.pkl,4.11808002243943,8.91954121104707,connor
detop_exp01_subj08_Sess3_11_02.pkl,5.58169823738509,15.9475779705031,connor
detop_exp01_subj08_Sess1_02_05.pkl,2.88155783979525,5.57688481261347,connor
detop_exp01_subj08_Sess3_05_06.pkl,4.2612543692522,7.4245488668289,connor
detop_exp01_subj08_Sess2_02_02.pkl,2.83763296937742,5.05411466764045,connor
detop_exp01_subj08_Sess3_08_01.pkl,4.70508499486431,10.3164335756193,connor
detop_exp01_subj08_Sess1_02_04.pkl,4.53793873624144,9.15638458806359,connor
detop_exp01_subj08_Sess1_08_01.pkl,0,5,connor
detop_exp01_subj08_Sess1_13_04.pkl,3.12875295362689,5.54372555024184,connor
detop_exp01_subj08_Sess3_01_02.pkl,0.555061896472846,10.4663389937404,connor
detop_exp01_subj08_Sess3_05_04.pkl,3.02566869686298,5.14815453217016,connor
detop_exp01_subj08_Sess1_01_04.pkl,3.49151622808814,7.0639647177946,connor
detop_exp01_subj08_Sess1_01_03.pkl,3.83403661884336,7.9907880894632,connor
detop_exp01_subj08_Sess2_04_06.pkl,3.88994796516237,5.60240394828568,connor
detop_exp01_subj08_Sess3_09_06.pkl,3.64596757789179,5.71870591442215,connor
detop_exp01_subj08_Sess1_10_02.pkl,3.99799139058485,5.37075305830624,connor
detop_exp01_subj01_Sess1_01_01.pkl,3.96512890581182,8.03073781984969,keenan
detop_exp01_subj01_Sess1_01_02.pkl,4.9253666733323,9.67939299813191,keenan
detop_exp01_subj01_Sess1_01_03.pkl,4.260541242,9.54315683742057,keenan
detop_exp01_subj01_Sess1_01_04.pkl,4.925179762,6.3074134180706,keenan
detop_exp01_subj01_Sess1_01_05.pkl,4.31494880947842,5.8774599956487,keenan
detop_exp01_subj01_Sess1_01_06.pkl,6.09531202351441,6.69706713396305,keenan
detop_exp01_subj01_Sess1_02_01.pkl,3.56166897229833,4.93790267692771,keenan
detop_exp01_subj01_Sess1_02_02.pkl,3.54940240455922,4.94725441059165,keenan
detop_exp01_subj01_Sess1_02_03.pkl,3.49280147535377,4.741705953,keenan
detop_exp01_subj01_Sess1_02_04.pkl,4.44250417533932,7.79872917004225,keenan
detop_exp01_subj01_Sess1_02_05.pkl,4.510480104,7.2779289166809,keenan
detop_exp01_subj01_Sess1_02_06.pkl,4.52027766006506,6.416754172,keenan
detop_exp01_subj01_Sess1_03_01.pkl,4.5669822579238,9.40239910635275,keenan
detop_exp01_subj01_Sess1_03_02.pkl,4.5986899093889,9.11703024316678,keenan
detop_exp01_subj01_Sess1_03_03.pkl,4.91525820982052,10.3839425123776,keenan
detop_exp01_subj01_Sess1_03_04.pkl,3.64885087119426,4.75314820081,keenan
detop_exp01_subj01_Sess1_03_05.pkl,3.78616046435712,4.65094748539364,keenan
detop_exp01_subj01_Sess1_03_06.pkl,3.743116143,4.55076386898159,keenan
detop_exp01_subj01_Sess1_04_01.pkl,4.78735011346833,8.49402563852366,keenan
detop_exp01_subj01_Sess1_04_02.pkl,5.01211224010437,9.01268829029936,keenan
detop_exp01_subj01_Sess1_04_03.pkl,4.26664137574315,9.68685500355216,keenan
detop_exp01_subj01_Sess1_04_04.pkl,4.00531127585393,5.06797060408985,keenan
detop_exp01_subj01_Sess1_04_05.pkl,3.83110482860214,4.90247447920065,keenan
detop_exp01_subj01_Sess1_04_06.pkl,3.74430019443371,5.05927034387347,keenan
detop_exp01_subj01_Sess1_05_01.pkl,4.1136945434107,5.61028016426056,keenan
detop_exp01_subj01_Sess1_05_02.pkl,4.6136447907968,5.1422053581444,keenan
detop_exp01_subj01_Sess1_05_03.pkl,4.34083933668191,5.75175504468236,keenan
detop_exp01_subj01_Sess1_05_04.pkl,5.65672998210726,10.3548172661278,keenan
detop_exp01_subj01_Sess1_05_05.pkl,4.95812899571542,10.0264059039261,keenan
detop_exp01_subj01_Sess1_05_06.pkl,4.42761780074724,10.8645404840204,keenan
detop_exp01_subj01_Sess1_06_02.pkl,3.60081923392604,8.14369067966386,keenan
detop_exp01_subj01_Sess1_06_03.pkl,3.76924897641868,8.1069230008226,keenan
detop_exp01_subj01_Sess1_06_04.pkl,3.97284377932171,11.741285160838,keenan
detop_exp01_subj01_Sess1_06_05.pkl,3.84402281526011,13.7306192941917,keenan
detop_exp01_subj01_Sess1_06_06.pkl,3.51511367830117,13.5666449360509,keenan
detop_exp01_subj01_Sess1_07_01.pkl,3.82640793065198,4.53309969090025,keenan
detop_exp01_subj01_Sess1_07_02.pkl,3.64984686,4.90540255412362,keenan
detop_exp01_subj01_Sess1_07_03.pkl,4.40791429337056,5.82937429112709,keenan
detop_exp01_subj01_Sess1_07_04.pkl,4.43712426757437,7.429992971,keenan
detop_exp01_subj01_Sess1_07_05.pkl,5.03763024565952,7.53939385913527,keenan
detop_exp01_subj01_Sess1_07_06.pkl,4.74495473340147,8.01365354517101,keenan
detop_exp01_subj01_Sess1_08_01.pkl,5.2690522772462,18.3340406750083,keenan
detop_exp01_subj01_Sess1_08_04.pkl,3.63386669642681,8.62825828826851,keenan
detop_exp01_subj01_Sess1_08_05.pkl,3.73838468897866,7.96002514747024,keenan
detop_exp01_subj01_Sess1_08_06.pkl,4.35146120772971,7.61718389915776,keenan
detop_exp01_subj01_Sess1_09_01.pkl,0,10.38085938,keenan
detop_exp01_subj01_Sess1_09_02.pkl,2.70378936283735,8.67181143971492,keenan
detop_exp01_subj01_Sess1_09_03.pkl,0,10.4453125,keenan
detop_exp01_subj01_Sess1_09_04.pkl,3.7802301041782,4.68970036762415,keenan
detop_exp01_subj01_Sess1_09_05.pkl,3.73982088426649,5.09267140565236,keenan
detop_exp01_subj01_Sess1_09_06.pkl,4.029378364,5.57684948699046,keenan
detop_exp01_subj01_Sess1_10_01.pkl,3.02972484046465,3.68088402316855,keenan
detop_exp01_subj01_Sess1_10_02.pkl,3.01033122232051,3.77026170538358,keenan
detop_exp01_subj01_Sess1_10_03.pkl,2.94094626517127,3.57532301625001,keenan
detop_exp01_subj01_Sess1_10_04.pkl,3.18357482374497,5.3951731651015,keenan
detop_exp01_subj01_Sess1_10_05.pkl,4.00211337604228,6.2493931736318,keenan
detop_exp01_subj01_Sess1_10_06.pkl,3.13591118990939,6.164590162402,keenan
detop_exp01_subj01_Sess1_11_01.pkl,4.11589760447696,5.51896118180799,keenan
detop_exp01_subj01_Sess1_11_02.pkl,4.33209293557514,5.13510416536837,keenan
detop_exp01_subj01_Sess1_11_03.pkl,4.26591069136141,5.483663984894,keenan
detop_exp01_subj01_Sess1_11_04.pkl,4.85182700467609,6.82575796751154,keenan
detop_exp01_subj01_Sess1_11_05.pkl,4.81154652699014,6.99892578490148,keenan
detop_exp01_subj01_Sess1_11_06.pkl,4.637677919,8.08139808432939,keenan
detop_exp01_subj01_Sess1_12_02.pkl,6.4593956040532,7.32088651178443,keenan
detop_exp01_subj01_Sess1_12_03.pkl,,4.6096612902605,keenan
detop_exp01_subj01_Sess1_12_04.pkl,4.58262532662224,5.47023987718491,keenan
detop_exp01_subj01_Sess1_12_05.pkl,4.35727240964001,5.93934186763771,keenan
detop_exp01_subj01_Sess1_12_06.pkl,,,keenan
detop_exp01_subj01_Sess1_13_01.pkl,3.49451524136321,8.10526327594777,keenan
detop_exp01_subj01_Sess1_13_02.pkl,3.88025423976565,8.63932671324547,keenan
detop_exp01_subj01_Sess1_13_03.pkl,4.42289297357109,8.82738401107143,keenan
detop_exp01_subj01_Sess1_13_04.pkl,3.17169758702778,4.68506490471502,keenan
detop_exp01_subj01_Sess1_13_05.pkl,3.07021814590007,4.91449668465594,keenan
detop_exp01_subj01_Sess1_13_06.pkl,3.00266701403119,4.52588567644163,keenan
detop_exp01_subj01_Sess2_01_01.pkl,5.63393586262731,6.93648286360461,keenan
detop_exp01_subj01_Sess2_01_02.pkl,4.48461764898337,9.85719279592672,keenan
detop_exp01_subj01_Sess2_01_03.pkl,4.437337661,9.81579728681759,keenan
detop_exp01_subj01_Sess2_01_04.pkl,3.70763315309235,5.43835129679294,keenan
detop_exp01_subj01_Sess2_01_05.pkl,3.7217569806798,5.145545498,keenan
detop_exp01_subj01_Sess2_01_06.pkl,3.57869870408685,5.06025442305535,keenan
detop_exp01_subj01_Sess2_02_01.pkl,4.98802852363447,18.1321405327022,keenan
detop_exp01_subj01_Sess2_02_02.pkl,5.00149585151262,17.0278196466944,keenan
detop_exp01_subj01_Sess2_02_03.pkl,4.9666072953149,18.3947872212805,keenan
detop_exp01_subj01_Sess2_02_04.pkl,3.64026156402199,8.22538162977167,keenan
detop_exp01_subj01_Sess2_02_05.pkl,3.62655718345319,7.98179754589757,keenan
detop_exp01_subj01_Sess2_02_06.pkl,3.54707167726453,6.71011347093799,keenan
detop_exp01_subj01_Sess2_03_01.pkl,4.16929702031436,0.605555555555556,keenan
detop_exp01_subj01_Sess2_03_05.pkl,,0.283333333333333,keenan
detop_exp01_subj01_Sess2_04_01.pkl,3.20684966294857,5.41084112604759,keenan
detop_exp01_subj01_Sess2_04_02.pkl,2.95991440554385,5.474839686,keenan
detop_exp01_subj01_Sess2_04_03.pkl,3.09847707743537,5.01895897509447,keenan
detop_exp01_subj01_Sess2_04_04.pkl,3.87173498591602,10.5750596777511,keenan
detop_exp01_subj01_Sess2_04_05.pkl,3.75412869805295,8.62342614863988,keenan
detop_exp01_subj01_Sess2_06_01.pkl,4.48576723418045,5.683553681,keenan
detop_exp01_subj01_Sess2_06_02.pkl,4.08082163822866,5.61535231762492,keenan
detop_exp01_subj01_Sess2_06_03.pkl,4.36810511673354,5.28353699491774,keenan
detop_exp01_subj01_Sess2_06_04.pkl,5.22646493787212,10.0024097926004,keenan
detop_exp01_subj01_Sess2_06_05.pkl,4.45267164026317,10.1423772550132,keenan
detop_exp01_subj01_Sess2_06_06.pkl,4.40857715369061,10.4283392289992,keenan
detop_exp01_subj01_Sess2_07_01.pkl,4.46445742400259,5.84987240287662,keenan
detop_exp01_subj01_Sess2_07_02.pkl,4.45122097515985,5.16598921266811,keenan
detop_exp01_subj01_Sess2_07_03.pkl,4.09607990486898,5.72331250902702,keenan
detop_exp01_subj01_Sess2_07_04.pkl,4.61407018464971,7.9887353473633,keenan
detop_exp01_subj01_Sess2_07_05.pkl,4.61526662969103,7.8256663405332,keenan
detop_exp01_subj01_Sess2_07_06.pkl,5.55151574211066,7.77308443065821,keenan
detop_exp01_subj01_Sess2_08_01.pkl,5.92563805205941,8.67151659990645,keenan
detop_exp01_subj01_Sess2_08_02.pkl,0,10.421875,keenan
detop_exp01_subj01_Sess2_08_03.pkl,0,10.3828125,keenan
detop_exp01_subj01_Sess2_08_04.pkl,4.347881723,5.34634711192256,keenan
detop_exp01_subj01_Sess2_08_05.pkl,4.23016791719118,5.42989870128252,keenan
detop_exp01_subj01_Sess2_08_06.pkl,4.64646807579176,5.36324150992954,keenan
detop_exp01_subj01_Sess2_09_01.pkl,3.59378033765262,5.09580656127631,keenan
detop_exp01_subj01_Sess2_09_02.pkl,3.53877662420333,5.15442179294349,keenan
detop_exp01_subj01_Sess2_09_03.pkl,3.26509276108335,5.18729434895866,keenan
detop_exp01_subj01_Sess2_09_04.pkl,4.54570907315165,7.79646669012164,keenan
detop_exp01_subj01_Sess2_09_05.pkl,3.75733436888958,8.23747283325916,keenan
detop_exp01_subj01_Sess2_09_06.pkl,4.54242253810776,7.93170126381913,keenan
detop_exp01_subj01_Sess2_10_01.pkl,2.54676691864723,4.31231157131692,keenan
detop_exp01_subj01_Sess2_10_02.pkl,2.9729762336853,4.00081402532516,keenan
detop_exp01_subj01_Sess2_10_03.pkl,2.49707271885854,3.64023485591632,keenan
detop_exp01_subj01_Sess2_10_04.pkl,2.91924125324579,6.35955878202971,keenan
detop_exp01_subj01_Sess2_10_05.pkl,3.20908535656959,6.38488135102398,keenan
detop_exp01_subj01_Sess2_10_06.pkl,3.31816613739506,6.48183499471598,keenan
detop_exp01_subj01_Sess2_11_01.pkl,4.30001990755234,5.80686964885726,keenan
detop_exp01_subj01_Sess2_11_02.pkl,4.17766769907644,5.45277893759426,keenan
detop_exp01_subj01_Sess2_11_03.pkl,3.89559699516702,5.80572292985283,keenan
detop_exp01_subj01_Sess2_11_04.pkl,4.54580607005992,7.56718216512422,keenan
detop_exp01_subj01_Sess2_11_05.pkl,4.40211399922725,7.54857493176125,keenan
detop_exp01_subj01_Sess2_11_06.pkl,5.1700128912227,7.31482145979614,keenan
detop_exp01_subj01_Sess2_12_01.pkl,3.84480746700236,4.83731678361771,keenan
detop_exp01_subj01_Sess2_12_02.pkl,3.67899858802781,4.83353985423703,keenan
detop_exp01_subj01_Sess2_12_03.pkl,3.50306988549904,4.98245222890214,keenan
detop_exp01_subj01_Sess2_12_04.pkl,3.93067107719722,9.48156487841295,keenan
detop_exp01_subj01_Sess2_12_05.pkl,3.28356051465181,9.59687033802653,keenan
detop_exp01_subj01_Sess2_12_06.pkl,4.68429481082971,7.20321893193589,keenan
detop_exp01_subj01_Sess2_13_01.pkl,,4.182824702,keenan
detop_exp01_subj01_Sess2_13_02.pkl,4.45848283281194,6.08209237150109,keenan
detop_exp01_subj01_Sess2_13_03.pkl,4.56394111525183,5.74819198459487,keenan
detop_exp01_subj01_Sess2_13_04.pkl,4.46192591512881,9.887815644,keenan
detop_exp01_subj01_Sess2_13_05.pkl,4.54281841132188,8.785041012,keenan
detop_exp01_subj01_Sess2_13_06.pkl,4.389473382,9.54165353930575,keenan
detop_exp01_subj01_Sess3_02_01.pkl,4.20812673025475,5.71903371366557,keenan
detop_exp01_subj01_Sess3_02_02.pkl,3.88534052476574,5.17237994295658,keenan
detop_exp01_subj01_Sess3_02_03.pkl,3.94593993019229,5.35463850001943,keenan
detop_exp01_subj01_Sess3_02_04.pkl,5.43913050528937,9.90558732480255,keenan
detop_exp01_subj01_Sess3_02_05.pkl,5.20028254702664,10.7176703828958,keenan
detop_exp01_subj01_Sess3_02_06.pkl,4.53092643640471,12.0168291125076,keenan
detop_exp01_subj01_Sess3_03_01.pkl,4.1576807937507,15.0781885648673,keenan
detop_exp01_subj01_Sess3_03_02.pkl,4.71306353563262,16.7187172896622,keenan
detop_exp01_subj01_Sess3_03_03.pkl,5.17170648803375,16.0442423596606,keenan
detop_exp01_subj01_Sess3_03_04.pkl,3.71394543247114,8.00309680030492,keenan
detop_exp01_subj01_Sess3_03_05.pkl,3.59171137999783,6.8376554787474,keenan
detop_exp01_subj01_Sess3_03_06.pkl,3.522273806,7.82129156737201,keenan
detop_exp01_subj01_Sess3_04_01.pkl,3.93089817313325,9.38655856224995,keenan
detop_exp01_subj01_Sess3_04_02.pkl,4.40390806124589,8.63549102439513,keenan
detop_exp01_subj01_Sess3_04_03.pkl,5.1960316190309,8.82249659860143,keenan
detop_exp01_subj01_Sess3_04_04.pkl,3.61029049767552,4.99645329851807,keenan
detop_exp01_subj01_Sess3_04_05.pkl,3.97015821062699,5.53100890210571,keenan
detop_exp01_subj01_Sess3_04_06.pkl,3.76942701257587,5.07602155596824,keenan
detop_exp01_subj01_Sess3_05_01.pkl,4.68094939893809,7.42677575321069,keenan
detop_exp01_subj01_Sess3_05_02.pkl,4.67132990789326,7.21766371069261,keenan
detop_exp01_subj01_Sess3_05_03.pkl,5.23780504904466,8.67591654930017,keenan
detop_exp01_subj01_Sess3_05_04.pkl,4.31166123014148,6.77729631061665,keenan
detop_exp01_subj01_Sess3_05_05.pkl,4.93387422596761,6.34081853742519,keenan
detop_exp01_subj01_Sess3_05_06.pkl,4.31166123014148,5.59323426632067,keenan
detop_exp01_subj01_Sess3_06_01.pkl,5.96612194419415,8.00859461753305,keenan
detop_exp01_subj01_Sess3_06_02.pkl,4.67066834251493,7.939211959,keenan
detop_exp01_subj01_Sess3_06_03.pkl,5.86976413777593,8.37759287334828,keenan
detop_exp01_subj01_Sess3_06_04.pkl,4.64719293522689,6.04771466568692,keenan
detop_exp01_subj01_Sess3_06_05.pkl,4.79737894494417,5.84303841028079,keenan
detop_exp01_subj01_Sess3_06_06.pkl,5.32711832165656,5.94437985626055,keenan
detop_exp01_subj01_Sess3_07_01.pkl,4.26066887772085,9.944167614,keenan
detop_exp01_subj01_Sess3_07_02.pkl,4.32104129306117,9.67133532639496,keenan
detop_exp01_subj01_Sess3_07_03.pkl,4.45749361831093,11.4339218812891,keenan
detop_exp01_subj01_Sess3_07_04.pkl,4.66054509852188,6.63852221810228,keenan
detop_exp01_subj01_Sess3_07_05.pkl,4.481633993,6.21871282472519,keenan
detop_exp01_subj01_Sess3_07_06.pkl,5.02961371558644,6.54625506383614,keenan
detop_exp01_subj01_Sess3_08_01.pkl,3.53369737340364,4.693579474,keenan
detop_exp01_subj01_Sess3_08_02.pkl,2.68636112946045,4.81742939314247,keenan
detop_exp01_subj01_Sess3_08_03.pkl,2.95099029453555,4.91665019243585,keenan
detop_exp01_subj01_Sess3_08_04.pkl,3.87443658075634,8.60003865442267,keenan
detop_exp01_subj01_Sess3_08_05.pkl,3.86707542407737,8.95099351264442,keenan
detop_exp01_subj01_Sess3_08_06.pkl,2.93223771290015,9.10400549071785,keenan
detop_exp01_subj01_Sess3_09_01.pkl,5.01260184354611,0.266666666666668,keenan
detop_exp01_subj01_Sess3_09_06.pkl,,0.533333333333333,keenan
detop_exp01_subj01_Sess3_10_01.pkl,3.52225527938482,5.14208748133194,keenan
detop_exp01_subj01_Sess3_10_02.pkl,3.78602554435208,4.88038821307941,keenan
detop_exp01_subj01_Sess3_10_03.pkl,4.31907304351078,5.34074741689828,keenan
detop_exp01_subj01_Sess3_10_04.pkl,3.82966665698286,8.519017291,keenan
detop_exp01_subj01_Sess3_10_05.pkl,4.03456184826766,7.914785982,keenan
detop_exp01_subj01_Sess3_10_06.pkl,3.68381717888195,8.604066182,keenan
detop_exp01_subj01_Sess3_11_01.pkl,3.37499780648054,5.35245529976664,keenan
detop_exp01_subj01_Sess3_11_02.pkl,3.69718429449229,4.94096179252926,keenan
detop_exp01_subj01_Sess3_11_03.pkl,3.30768010458144,4.80970632820513,keenan
detop_exp01_subj01_Sess3_11_04.pkl,4.40428003669093,6.69695207790032,keenan
detop_exp01_subj01_Sess3_11_05.pkl,4.3553181528834,6.676476338,keenan
detop_exp01_subj01_Sess3_11_06.pkl,4.93307538668628,7.11671553475503,keenan
detop_exp01_subj01_Sess3_12_01.pkl,4.30291524601877,5.42435712558864,keenan
detop_exp01_subj01_Sess3_12_02.pkl,4.27346061443472,5.41447681651088,keenan
detop_exp01_subj01_Sess3_12_03.pkl,3.93590998798719,5.30512943047858,keenan
detop_exp01_subj01_Sess3_12_04.pkl,5.93216809947279,8.93934708039673,keenan
detop_exp01_subj01_Sess3_12_05.pkl,0,10.37695313,keenan
detop_exp01_subj01_Sess3_12_06.pkl,5.005934153,10.418292350826,keenan
detop_exp01_subj01_Sess3_13_01.pkl,2.75427794718837,5.32605397304249,keenan
detop_exp01_subj01_Sess3_13_02.pkl,3.26455096819117,4.10139872263576,keenan
detop_exp01_subj01_Sess3_13_03.pkl,3.13851811241304,4.10253620383941,keenan
detop_exp01_subj01_Sess3_13_04.pkl,3.13591118990939,9.01154839654507,keenan
detop_exp01_subj01_Sess3_13_05.pkl,3.46300851893859,6.6188920082759,keenan
detop_exp01_subj01_Sess3_13_06.pkl,3.27523042264405,7.40634854112398,keenan
detop_exp01_subj02_Sess1_01_01.pkl,3.66389155050988,6.52626708030875,keenan
detop_exp01_subj02_Sess1_01_02.pkl,2.07158091259574,6.6328508242721,keenan
detop_exp01_subj02_Sess1_01_03.pkl,4.05741804384436,6.63117774307697,keenan
detop_exp01_subj02_Sess1_01_04.pkl,4.06411619036395,10.5588578068764,keenan
detop_exp01_subj02_Sess1_01_05.pkl,3.80365439563521,12.6825920265499,keenan
detop_exp01_subj02_Sess1_01_06.pkl,3.79207881539502,10.8838761248489,keenan
detop_exp01_subj02_Sess1_02_01.pkl,4.07322505810891,5.411688591,keenan
detop_exp01_subj02_Sess1_02_02.pkl,4.06494666865475,6.02047408476122,keenan
detop_exp01_subj02_Sess1_02_03.pkl,4.17033592786011,5.427798568,keenan
detop_exp01_subj02_Sess1_02_04.pkl,4.646557067,9.5304410046365,keenan
detop_exp01_subj02_Sess1_02_05.pkl,4.32467467407426,8.92704540901463,keenan
detop_exp01_subj02_Sess1_02_06.pkl,4.97594825154458,9.06061276907844,keenan
detop_exp01_subj02_Sess1_03_01.pkl,3.05256954744307,4.67624060548652,keenan
detop_exp01_subj02_Sess1_03_02.pkl,2.81644557514841,4.55107869882277,keenan
detop_exp01_subj02_Sess1_03_03.pkl,2.91795576495589,4.67300535215083,keenan
detop_exp01_subj02_Sess1_03_04.pkl,4.04023385795122,7.90105583893161,keenan
detop_exp01_subj02_Sess1_03_05.pkl,4.07582402511875,7.73145274177561,keenan
detop_exp01_subj02_Sess1_03_06.pkl,3.96444184437825,7.64350158288983,keenan
detop_exp01_subj02_Sess1_04_01.pkl,3.42699456672388,5.91882108450303,keenan
detop_exp01_subj02_Sess1_04_02.pkl,3.41707137016748,5.43660242714051,keenan
detop_exp01_subj02_Sess1_04_03.pkl,3.31379183358249,5.40362532588908,keenan
detop_exp01_subj02_Sess1_04_04.pkl,3.54198786658856,9.14369788615657,keenan
detop_exp01_subj02_Sess1_04_05.pkl,3.49181718767985,9.24877214460311,keenan
detop_exp01_subj02_Sess1_04_06.pkl,3.88902245234651,10.5284201770615,keenan
detop_exp01_subj02_Sess1_05_01.pkl,4.296795739,6.061655584,keenan
detop_exp01_subj02_Sess1_05_02.pkl,4.54650183042257,5.81887124567711,keenan
detop_exp01_subj02_Sess1_05_03.pkl,3.81420288639118,6.17129011249222,keenan
detop_exp01_subj02_Sess1_05_04.pkl,4.43936751353228,8.35081402849862,keenan
detop_exp01_subj02_Sess1_05_05.pkl,4.78352657260728,8.05449986289931,keenan
detop_exp01_subj02_Sess1_05_06.pkl,4.33258992559172,8.29006378298207,keenan
detop_exp01_subj02_Sess1_07_01.pkl,4.41484838871859,7.77745822140443,keenan
detop_exp01_subj02_Sess1_07_02.pkl,4.18060732170861,7.88073313908902,keenan
detop_exp01_subj02_Sess1_07_03.pkl,4.17558180411683,7.55347881143596,keenan
detop_exp01_subj02_Sess1_07_04.pkl,3.42384683515511,5.06862479434896,keenan
detop_exp01_subj02_Sess1_07_05.pkl,3.434401792,5.17236468133986,keenan
detop_exp01_subj02_Sess1_07_06.pkl,3.41749732030461,5.05044137075767,keenan
detop_exp01_subj02_Sess1_08_01.pkl,3.67655195648923,7.66515858820377,keenan
detop_exp01_subj02_Sess1_08_02.pkl,3.44100420491298,8.33298477420628,keenan
detop_exp01_subj02_Sess1_08_03.pkl,3.56907900868275,8.06060467126176,keenan
detop_exp01_subj02_Sess1_08_04.pkl,5.24681966209078,18.9640827070019,keenan
detop_exp01_subj02_Sess1_08_05.pkl,5.79020173093292,16.0722093396549,keenan
detop_exp01_subj02_Sess1_08_06.pkl,4.73770121222308,18.5593227688512,keenan
detop_exp01_subj02_Sess1_09_01.pkl,3.67867418725682,5.412028337,keenan
detop_exp01_subj02_Sess1_09_02.pkl,3.42131432826892,5.64645859559034,keenan
detop_exp01_subj02_Sess1_09_03.pkl,3.45220580582949,5.45122478804379,keenan
detop_exp01_subj02_Sess1_09_04.pkl,9.41935229315574,10.1899761013145,keenan
detop_exp01_subj02_Sess1_09_05.pkl,0,11.88085938,keenan
detop_exp01_subj02_Sess1_09_06.pkl,0,11.90625,keenan
detop_exp01_subj02_Sess1_10_01.pkl,4.2788884382508,6.33263630934096,keenan
detop_exp01_subj02_Sess1_10_02.pkl,4.08060040756297,6.38374250620069,keenan
detop_exp01_subj02_Sess1_10_03.pkl,3.17591580926801,6.3221070640033,keenan
detop_exp01_subj02_Sess1_10_04.pkl,4.78111902988795,9.30053708509628,keenan
detop_exp01_subj02_Sess1_10_05.pkl,4.90377808685512,9.08333237029871,keenan
detop_exp01_subj02_Sess1_10_06.pkl,6.8091420891983,8.27327762533166,keenan
detop_exp01_subj02_Sess1_11_01.pkl,3.19991638553082,4.02315685941534,keenan
detop_exp01_subj02_Sess1_11_02.pkl,3.25053429909286,4.316385288,keenan
detop_exp01_subj02_Sess1_11_03.pkl,2.6649474897926,4.4426430837282,keenan
detop_exp01_subj02_Sess1_11_04.pkl,3.43528888256337,8.25173342286086,keenan
detop_exp01_subj02_Sess1_11_05.pkl,3.18018069248314,8.666202654,keenan
detop_exp01_subj02_Sess1_11_06.pkl,3.41454965537871,8.81165558436055,keenan
detop_exp01_subj02_Sess1_12_01.pkl,4.24841477322299,6.15064951453891,keenan
detop_exp01_subj02_Sess3_09_04.pkl,3.00097479851239,5.3295979512371,aidan
detop_exp01_subj02_Sess2_01_03.pkl,4.22036607371026,8.4208410205748,aidan
detop_exp01_subj02_Sess3_07_01.pkl,4.70838869743604,6.5574373334762,aidan
detop_exp01_subj02_Sess2_11_06.pkl,3.77439157630186,7.73078519190728,aidan
detop_exp01_subj02_Sess2_13_03.pkl,2.87223827853027,5.2244210945758,aidan
detop_exp01_subj02_Sess3_05_04.pkl,4.49431541211558,11.1076225312222,aidan
detop_exp01_subj02_Sess3_05_05.pkl,5.09284689906884,13.1442968747422,aidan
detop_exp01_subj02_Sess2_13_02.pkl,3.21505798153815,5.24209006226666,aidan
detop_exp01_subj02_Sess2_01_02.pkl,4.46774981457127,7.56761954699294,aidan
detop_exp01_subj02_Sess3_09_05.pkl,3.46233080774148,5.55843680441311,aidan
detop_exp01_subj02_Sess3_07_02.pkl,4.32215345978112,6.45315026523733,aidan
detop_exp01_subj02_Sess2_11_05.pkl,3.73091213794651,8.25607123268033,aidan
detop_exp01_subj02_Sess3_05_06.pkl,4.81740827900323,16.9535840914707,aidan
detop_exp01_subj02_Sess2_13_01.pkl,3.70561825678295,4.9551585805197,aidan
detop_exp01_subj02_Sess2_11_04.pkl,3.75985771850984,8.38632634521532,aidan
detop_exp01_subj02_Sess3_07_03.pkl,4.25966531237087,6.42866774430121,aidan
detop_exp01_subj02_Sess3_09_06.pkl,3.01793417431327,5.50173449534421,aidan
detop_exp01_subj02_Sess2_01_01.pkl,5.26543616265372,8.45618155498352,aidan
detop_exp01_subj02_Sess2_01_05.pkl,3.87307713133964,5.9776464930505,aidan
detop_exp01_subj02_Sess3_09_02.pkl,4.00276815372931,9.08067353319733,aidan
detop_exp01_subj02_Sess2_13_05.pkl,3.95659760095737,9.18565038737464,aidan
detop_exp01_subj02_Sess3_05_02.pkl,3.37654991883266,7.88979246837251,aidan
detop_exp01_subj02_Sess3_05_03.pkl,3.0449018960252,7.47913646204658,aidan
detop_exp01_subj02_Sess2_13_04.pkl,3.67118071354222,9.6272387792245,aidan
detop_exp01_subj02_Sess2_11_01.pkl,3.45465043957517,5.07145043832859,aidan
detop_exp01_subj02_Sess3_09_03.pkl,4.03524933862531,9.18476503508022,aidan
detop_exp01_subj02_Sess2_01_04.pkl,4.42341979776628,5.74471610682712,aidan
detop_exp01_subj02_Sess3_07_06.pkl,3.99608457108309,10.1699076440267,aidan
detop_exp01_subj02_Sess3_07_04.pkl,4.09629075696902,9.12796586676886,aidan
detop_exp01_subj02_Sess3_09_01.pkl,4.38741554422553,10.445792871434,aidan
detop_exp01_subj02_Sess2_01_06.pkl,3.90989684805073,6.1555910114546,aidan
detop_exp01_subj02_Sess2_11_03.pkl,3.31965548822294,5.08400810822182,aidan
detop_exp01_subj02_Sess2_13_06.pkl,3.81954068739888,9.15201848819764,aidan
detop_exp01_subj02_Sess3_05_01.pkl,3.47082833452756,8.25954993220855,aidan
detop_exp01_subj02_Sess2_11_02.pkl,3.4891252078855,5.20930077397017,aidan
detop_exp01_subj02_Sess3_07_05.pkl,4.38782379518072,9.03513421332388,aidan
detop_exp01_subj02_Sess2_05_04.pkl,4.20515785067479,10.5887203133003,aidan
detop_exp01_subj02_Sess3_03_06.pkl,3.42201376402723,5.06873506877087,aidan
detop_exp01_subj02_Sess2_07_01.pkl,4.75947444085401,13.518078115771,aidan
detop_exp01_subj02_Sess2_09_04.pkl,4.36734780522229,6.90720618276948,aidan
detop_exp01_subj02_Sess3_01_03.pkl,3.27396741472753,7.59285408890057,aidan
detop_exp01_subj02_Sess3_11_06.pkl,4.35219183610373,7.47509072785772,aidan
detop_exp01_subj02_Sess3_01_02.pkl,3.32600219393444,7.31375845497263,aidan
detop_exp01_subj02_Sess2_09_05.pkl,4.23755874506822,6.63061778931557,aidan
detop_exp01_subj02_Sess2_05_05.pkl,4.02469357512824,8.81384085228654,aidan
detop_exp01_subj02_Sess3_03_05.pkl,3.86881336130866,5.07351327841111,aidan
detop_exp01_subj02_Sess1_12_03.pkl,3.6139907534951,5.63008409738281,aidan
detop_exp01_subj02_Sess2_07_02.pkl,4.53973935553846,12.4569077735885,aidan
detop_exp01_subj02_Sess3_11_05.pkl,4.01058426342539,7.07477386563081,aidan
detop_exp01_subj02_Sess3_11_04.pkl,4.68506471467257,6.73982263256184,aidan
detop_exp01_subj02_Sess2_09_06.pkl,4.42480050393901,6.74990103692516,aidan
detop_exp01_subj02_Sess3_01_01.pkl,3.80464682705688,6.79584385111872,aidan
detop_exp01_subj02_Sess2_07_03.pkl,4.75418229206959,17.5295256239498,aidan
detop_exp01_subj02_Sess1_12_02.pkl,4.04557300937721,5.77779969769526,aidan
detop_exp01_subj02_Sess3_03_04.pkl,3.82904101609261,4.9985105780995,aidan
detop_exp01_subj02_Sess2_05_06.pkl,4.38406715026932,9.76728044592172,aidan
detop_exp01_subj02_Sess1_12_06.pkl,4.78365602828526,7.86925471834998,aidan
detop_exp01_subj02_Sess2_05_02.pkl,4.28771332095064,5.97076420010097,aidan
detop_exp01_subj02_Sess3_01_05.pkl,2.2925110945593,4.48031455880428,aidan
detop_exp01_subj02_Sess2_09_02.pkl,3.32593432316955,4.87366713751021,aidan
detop_exp01_subj02_Sess3_11_01.pkl,3.45787085539749,5.14404085843694,aidan
detop_exp01_subj02_Sess2_07_06.pkl,3.45583952467916,6.90457081819259,aidan
detop_exp01_subj02_Sess2_09_03.pkl,3.1803757473062,4.64220992800819,aidan
detop_exp01_subj02_Sess3_01_04.pkl,2.62297313932398,4.1715616994621,aidan
detop_exp01_subj02_Sess2_05_03.pkl,4.20839778463539,6.10307659421044,aidan
detop_exp01_subj02_Sess3_03_01.pkl,4.76194758531097,9.54872422536071,aidan
detop_exp01_subj02_Sess1_12_05.pkl,5.22123712127351,7.76575559870106,aidan
detop_exp01_subj02_Sess3_03_03.pkl,4.42633450641677,9.49799569852093,aidan
detop_exp01_subj02_Sess2_05_01.pkl,4.44350347466984,6.16077015090173,aidan
detop_exp01_subj02_Sess2_09_01.pkl,3.47940299740088,5.28407019178629,aidan
detop_exp01_subj02_Sess3_01_06.pkl,2.26797816024452,4.10043857308972,aidan
detop_exp01_subj02_Sess2_07_04.pkl,3.50127735463323,7.39529938169647,aidan
detop_exp01_subj02_Sess3_11_03.pkl,3.37885754339289,4.79343415359805,aidan
detop_exp01_subj02_Sess3_11_02.pkl,3.17912064709952,4.78756373138701,aidan
detop_exp01_subj02_Sess2_07_05.pkl,3.44220817569294,7.47254369261838,aidan
detop_exp01_subj02_Sess3_03_02.pkl,4.23140820677494,8.33265643635679,aidan
detop_exp01_subj02_Sess1_12_04.pkl,4.21338880742837,8.74899299344299,aidan
detop_exp01_subj02_Sess2_12_01.pkl,2.62715429022319,3.90282596936237,aidan
detop_exp01_subj02_Sess3_04_06.pkl,4.11685321212423,8.50693293089585,aidan
detop_exp01_subj02_Sess2_02_04.pkl,3.90802553210621,6.10182419958584,aidan
detop_exp01_subj02_Sess3_06_03.pkl,4.1923297172134,7.97881554671869,aidan
detop_exp01_subj02_Sess3_08_06.pkl,3.77468404039761,5.23231131160166,aidan
detop_exp01_subj02_Sess2_10_04.pkl,4.41620282177064,9.65602432439047,aidan
detop_exp01_subj02_Sess2_10_05.pkl,4.41440118596476,9.12806276450863,aidan
detop_exp01_subj02_Sess3_06_02.pkl,4.72664493982137,6.21599603276012,aidan
detop_exp01_subj02_Sess2_02_05.pkl,3.73436457135257,5.5843854185648,aidan
detop_exp01_subj02_Sess2_12_02.pkl,2.29618264001198,3.51603290562512,aidan
detop_exp01_subj02_Sess3_04_05.pkl,3.8758763095503,6.89320748141221,aidan
detop_exp01_subj02_Sess3_08_05.pkl,2.98122689931999,5.99022097183353,aidan
detop_exp01_subj02_Sess2_10_06.pkl,4.04612205807192,9.59347169397898,aidan
detop_exp01_subj02_Sess3_08_04.pkl,3.74979772113316,5.96468013567004,aidan
detop_exp01_subj02_Sess3_06_01.pkl,4.72315557420027,7.37815479875437,aidan
detop_exp01_subj02_Sess2_02_06.pkl,3.72506100449392,6.00704979774244,aidan
detop_exp01_subj02_Sess3_04_04.pkl,3.86116725048149,9.01830485418134,aidan
detop_exp01_subj02_Sess2_12_03.pkl,2.30879147283575,4.29816524435895,aidan
detop_exp01_subj02_Sess2_02_02.pkl,2.78980835395384,8.0390557314618,aidan
detop_exp01_subj02_Sess3_06_05.pkl,3.98628255910346,6.02503872188184,aidan
detop_exp01_subj02_Sess2_10_02.pkl,3.94176252345128,5.02250972332164,aidan
detop_exp01_subj02_Sess2_10_03.pkl,3.92203035453643,5.14540427931561,aidan
detop_exp01_subj02_Sess3_06_04.pkl,3.84217807056411,6.1767737736039,aidan
detop_exp01_subj02_Sess3_08_01.pkl,5.38672989033215,8.85252308899332,aidan
detop_exp01_subj02_Sess3_04_01.pkl,3.57093469531026,5.90449582152902,aidan
detop_exp01_subj02_Sess2_02_03.pkl,4.78420488449339,8.89641976696842,aidan
detop_exp01_subj02_Sess2_12_06.pkl,3.19262982737988,7.25609902567881,aidan
detop_exp01_subj02_Sess2_12_04.pkl,2.97857451760028,8.26910825875083,aidan
detop_exp01_subj02_Sess2_02_01.pkl,5.66456985736379,9.18143775071376,aidan
detop_exp01_subj02_Sess3_04_03.pkl,3.55218350051861,5.25329354124144,aidan
detop_exp01_subj02_Sess3_08_03.pkl,5.28973352044556,8.59152065376322,aidan
detop_exp01_subj02_Sess3_06_06.pkl,3.90939068536402,5.86546120034442,aidan
detop_exp01_subj02_Sess2_10_01.pkl,3.98851413818446,5.38058159977789,aidan
detop_exp01_subj02_Sess3_08_02.pkl,5.12945491904932,8.94098768411341,aidan
detop_exp01_subj02_Sess3_04_02.pkl,3.49232344925486,5.17819063242105,aidan
detop_exp01_subj02_Sess2_12_05.pkl,0,4,aidan
